KABUPATEN / KOTA,PERIODE UPDATE,JUMLAH KOPERASI AKTIF,JUMLAH KOPERASI TIDAK AKTIF,JUMLAH KARYAWAN,JUMLAH MANAGER,JUMLAH KOPERASI TOTAL,USAHA BESAR,USAHA KECIL,USAHA MENENGAH,USAHA MIKRO,JUMLAH PENDUDUK LAKI LAKI,JUMLAH PENDUDUK PEREMPUAN
Kabupaten Pacitan,2018-Q4,436,116,2512,29,552,0,54,1,381,148895,147574
Kabupaten Ponorogo,2018-Q4,795,188,496,52,983,0,124,1,670,240248,240815
Kabupaten Trenggalek,2018-Q4,352,353,163,29,705,0,87,2,263,188211,186006
Kabupaten Tulungagung,2018-Q4,699,672,672,59,1371,1,107,2,589,277170,277604
Kabupaten Blitar,2018-Q4,448,540,687,63,988,0,76,0,372,311482,303598
Kabupaten Kediri,2018-Q4,782,643,1886,96,1425,0,150,5,627,415839,408079
Kabupaten Malang,2018-Q4,1319,34,357,45,1353,2,268,4,1045,632179,613876
Kabupaten Lumajang,2018-Q4,460,206,343,15,666,0,92,1,367,279517,282861
Kabupaten Jember,2018-Q4,431,1393,4204,104,1824,0,191,4,236,640642,637666
Kabupaten Banyuwangi,2018-Q4,479,397,854,61,876,0,190,4,285,435163,431351
Kabupaten Bondowoso,2018-Q4,477,463,691,59,940,0,71,0,406,197562,199074
Kabupaten Situbondo,2018-Q4,374,362,8718,51,736,0,57,1,316,168807,174653
Kabupaten Probolinggo,2018-Q4,658,136,423,53,794,0,69,2,587,277301,285194
Kabupaten Pasuruan,2018-Q4,939,114,1917,355,1053,5,122,7,805,396832,395633
Kabupaten Sidoarjo,2018-Q4,726,840,694,40,1566,2,184,9,531,472048,469170
Kabupaten Mojokerto,2018-Q4,706,210,3136,72,916,0,156,7,543,282004,278121
Kabupaten Jombang,2018-Q4,731,131,1055,29,862,1,109,3,618,333111,329451
Kabupaten Nganjuk,2018-Q4,397,496,12,64,893,2,98,1,296,279486,276586
Kabupaten Madiun,2018-Q4,657,139,463,13,796,0,49,0,608,184111,186298
Kabupaten Magetan,2018-Q4,510,311,461,31,821,0,95,0,415,170021,175949
Kabupaten Ngawi,2018-Q4,622,141,1002,32,763,0,88,0,534,226358,227107
Kabupaten Bojonegoro,2018-Q4,698,572,840,38,1270,1,103,0,594,333727,329143
Kabupaten Tuban,2018-Q4,591,691,310,78,1282,1,101,4,485,300432,298935
Kabupaten Lamongan,2018-Q4,1057,219,2154,175,1276,0,143,5,909,340756,339901
Kabupaten Gresik,2018-Q4,594,783,1589,45,1377,3,127,4,460,317988,314647
Kabupaten Bangkalan,2018-Q4,149,665,394,30,814,0,75,0,74,265050,268395
Kabupaten Sampang,2018-Q4,280,170,1034,73,450,1,54,0,225,214102,213133
Kabupaten Pamekasan,2018-Q4,339,321,499,38,660,0,54,2,283,200832,209638
Kabupaten Sumenep,2018-Q4,1209,117,170,9,1326,2,14,0,1193,274600,290665
Kota Kediri,2018-Q4,470,62,1669,149,532,1,46,1,422,72473,73532
Kota Blitar,2018-Q4,257,85,320,31,342,0,65,0,192,39037,39330
Kota Malang,2018-Q4,366,445,286,7,811,3,173,6,184,211269,212420
Kota Probolinggo,2018-Q4,162,96,3221,302,258,0,47,1,114,59074,60051
Kota Pasuruan,2018-Q4,117,217,583,40,334,1,29,0,87,52318,52252
Kota Mojokerto,2018-Q4,151,38,435,23,189,0,59,0,92,35711,36203
Kota Madiun,2018-Q4,154,161,394,17,315,0,73,0,81,50290,52481
Kota Surabaya,2018-Q4,1630,544,484,29,2174,6,265,10,1349,725308,732647
Kota Batu,2018-Q4,100,111,384,11,211,0,32,1,67,52855,52112
Kabupaten Pacitan,2019-Q4,439,116,394,30,555,0,54,1,384,149800,148473
Kabupaten Ponorogo,2019-Q4,838,190,854,61,1028,0,124,1,713,242295,243302
Kabupaten Trenggalek,2019-Q4,363,357,687,63,720,0,87,2,274,188616,186510
Kabupaten Tulungagung,2019-Q4,704,684,840,38,1388,1,107,2,594,279633,279775
Kabupaten Blitar,2019-Q4,457,544,691,59,1001,0,76,0,381,315256,308071
Kabupaten Kediri,2019-Q4,792,651,1589,45,1443,0,150,5,637,419643,411612
Kabupaten Malang,2019-Q4,1335,33,4204,104,1368,2,268,4,1061,645582,629322
Kabupaten Lumajang,2019-Q4,459,207,1055,29,666,0,92,1,366,280819,283570
Kabupaten Jember,2019-Q4,430,1408,1886,96,1838,0,191,4,235,644324,640119
Kabupaten Banyuwangi,2019-Q4,478,417,2154,175,895,0,190,4,284,438945,434887
Kabupaten Bondowoso,2019-Q4,452,492,343,15,944,0,71,0,381,198349,200447
Kabupaten Situbondo,2019-Q4,375,365,463,13,740,0,57,1,317,170300,175512
Kabupaten Probolinggo,2019-Q4,666,137,461,31,803,0,69,2,595,280474,288693
Kabupaten Pasuruan,2019-Q4,1009,117,3570,45,1126,5,122,7,875,399028,397012
Kabupaten Sidoarjo,2019-Q4,976,616,3136,72,1592,2,184,9,781,483456,479839
Kabupaten Mojokerto,2019-Q4,661,262,1200,64,923,0,156,7,498,286205,283010
Kabupaten Jombang,2019-Q4,734,133,1002,32,867,1,109,3,621,337480,334127
Kabupaten Nganjuk,2019-Q4,387,509,2512,29,896,2,98,1,286,282526,279206
Kabupaten Madiun,2019-Q4,527,276,499,38,803,0,49,0,478,186024,188510
Kabupaten Magetan,2019-Q4,513,315,1917,355,828,0,95,0,418,171669,177870
Kabupaten Ngawi,2019-Q4,632,143,496,52,775,0,88,0,544,227882,228895
Kabupaten Bojonegoro,2019-Q4,697,585,423,53,1282,1,103,0,593,336205,331716
Kabupaten Tuban,2019-Q4,603,687,1034,73,1290,1,101,4,497,303725,302002
Kabupaten Lamongan,2019-Q4,1076,215,694,40,1291,0,143,5,928,344182,342514
Kabupaten Gresik,2019-Q4,610,790,8718,51,1400,3,127,4,476,320441,317091
Kabupaten Bangkalan,2019-Q4,153,665,170,9,818,0,75,0,78,267386,270781
Kabupaten Sampang,2019-Q4,281,172,163,29,453,1,54,0,226,215494,214831
Kabupaten Pamekasan,2019-Q4,365,300,310,78,665,0,54,2,309,202458,211045
Kabupaten Sumenep,2019-Q4,1208,118,672,59,1326,2,14,0,1192,275535,291530
Kota Kediri,2019-Q4,480,64,384,11,544,1,46,1,432,73066,74409
Kota Blitar,2019-Q4,256,86,320,31,342,0,65,0,191,39311,39629
Kota Malang,2019-Q4,366,455,1669,149,821,3,173,6,184,214381,215845
Kota Probolinggo,2019-Q4,167,96,394,17,263,0,47,1,119,59694,60601
Kota Pasuruan,2019-Q4,121,217,286,7,338,1,29,0,91,52746,52758
Kota Mojokerto,2019-Q4,152,39,435,23,191,0,59,0,93,34442,35030
Kota Madiun,2019-Q4,188,132,583,40,320,0,73,0,115,50551,52865
Kota Surabaya,2019-Q4,1670,555,3221,302,2225,6,265,10,1389,732450,742665
Kota Batu,2019-Q4,105,110,484,29,215,0,32,1,72,53500,52648
Kabupaten Pacitan,2020-Q4,441,116,319,20,557,0,60,1,380,149862,148875
Kabupaten Ponorogo,2020-Q4,833,187,948,66,1020,0,128,2,703,243822,245070
Kabupaten Trenggalek,2020-Q4,391,352,726,43,743,0,85,2,304,189785,187125
Kabupaten Tulungagung,2020-Q4,737,670,915,43,1407,1,140,3,593,282904,280368
Kabupaten Blitar,2020-Q4,487,539,596,52,1026,0,101,0,386,314987,309608
Kabupaten Kediri,2020-Q4,820,637,1729,57,1457,0,147,6,667,423221,413564
Kabupaten Malang,2020-Q4,1362,34,4127,117,1396,3,273,4,1082,652654,640060
Kabupaten Lumajang,2020-Q4,474,206,990,24,680,0,97,1,376,276944,281874
Kabupaten Jember,2020-Q4,513,1374,1548,75,1887,0,200,10,303,643736,645739
Kabupaten Banyuwangi,2020-Q4,499,395,2068,165,894,0,178,5,316,439296,438064
Kabupaten Bondowoso,2020-Q4,492,460,410,3,952,0,81,1,410,196220,204493
Kabupaten Situbondo,2020-Q4,390,362,732,14,752,0,66,1,323,170316,176797
Kabupaten Probolinggo,2020-Q4,675,135,431,38,810,0,70,1,604,282900,290166
Kabupaten Pasuruan,2020-Q4,1000,113,5593,59,1113,5,137,6,852,400934,400842
Kabupaten Sidoarjo,2020-Q4,797,828,2107,79,1625,4,241,8,544,487182,482846
Kabupaten Mojokerto,2020-Q4,720,210,1575,53,930,0,170,6,544,288977,284117
Kabupaten Jombang,2020-Q4,746,130,884,26,876,1,116,3,626,341026,334027
Kabupaten Nganjuk,2020-Q4,411,496,549,41,907,1,108,1,301,284536,279927
Kabupaten Madiun,2020-Q4,669,137,655,42,806,1,81,0,587,187186,189897
Kabupaten Magetan,2020-Q4,523,311,1871,374,834,0,94,0,429,169352,175253
Kabupaten Ngawi,2020-Q4,648,140,476,49,788,0,93,0,555,228003,230009
Kabupaten Bojonegoro,2020-Q4,722,578,543,47,1300,1,117,1,603,337847,333983
Kabupaten Tuban,2020-Q4,626,689,982,73,1315,1,97,7,521,305030,304775
Kabupaten Lamongan,2020-Q4,1093,220,2057,80,1313,0,161,5,927,345673,344141
Kabupaten Gresik,2020-Q4,641,778,2853,97,1419,3,137,5,496,323084,318830
Kabupaten Bangkalan,2020-Q4,166,664,415,192,830,0,78,0,88,267022,274307
Kabupaten Sampang,2020-Q4,292,166,154,11,458,0,51,0,241,219124,221998
Kabupaten Pamekasan,2020-Q4,358,325,447,84,683,0,66,2,290,203571,212561
Kabupaten Sumenep,2020-Q4,1269,122,869,27,1391,1,28,0,1240,274651,294434
Kota Kediri,2020-Q4,512,63,341,38,575,1,56,2,453,72586,73546
Kota Blitar,2020-Q4,258,85,324,40,343,0,60,1,197,39427,39730
Kota Malang,2020-Q4,396,443,1537,95,839,5,186,5,200,215692,217434
Kota Probolinggo,2020-Q4,170,96,380,15,266,0,48,1,121,60126,60923
Kota Pasuruan,2020-Q4,120,217,272,9,337,1,33,0,86,52569,52555
Kota Mojokerto,2020-Q4,161,38,490,24,199,0,58,0,103,34691,35197
Kota Madiun,2020-Q4,167,158,579,42,325,0,79,0,88,49898,51986
Kota Surabaya,2020-Q4,1761,550,3860,339,2311,5,399,20,1337,736994,748371
Kota Batu,2020-Q4,110,109,522,28,219,0,35,2,73,53802,53102
Kabupaten Pacitan,2021-Q1,443,116,954,31,559,0,54,2,503,149895,148896
Kabupaten Ponorogo,2021-Q1,836,187,2802,72,1023,0,123,3,897,241565,242776
Kabupaten Trenggalek,2021-Q1,395,352,2133,45,747,0,87,2,658,187878,185490
Kabupaten Tulungagung,2021-Q1,742,669,2145,26,1411,1,139,4,1267,282941,280399
Kabupaten Blitar,2021-Q1,556,472,1707,49,1028,0,102,0,926,309414,304733
Kabupaten Kediri,2021-Q1,827,636,5091,74,1463,0,137,6,1320,422442,413469
Kabupaten Malang,2021-Q1,1368,34,11091,96,1402,3,240,6,1153,658806,647148
Kabupaten Lumajang,2021-Q1,487,204,2841,14,691,0,102,1,588,271175,274754
Kabupaten Jember,2021-Q1,531,1367,4329,86,1898,0,198,12,1688,644387,646356
Kabupaten Banyuwangi,2021-Q1,506,393,4125,97,899,0,129,3,767,437186,437701
Kabupaten Bondowoso,2021-Q1,495,460,1242,9,955,1,89,1,864,196186,204585
Kabupaten Situbondo,2021-Q1,392,359,2121,23,751,0,64,1,686,163460,169663
Kabupaten Probolinggo,2021-Q1,681,135,1161,22,816,0,70,1,745,285484,292801
Kabupaten Pasuruan,2021-Q1,1017,123,22709,84,1140,6,117,3,1014,401034,400843
Kabupaten Sidoarjo,2021-Q1,809,830,7792,64,1639,5,252,7,1375,489712,486150
Kabupaten Mojokerto,2021-Q1,725,210,6092,42,935,0,157,4,774,283945,279582
Kabupaten Jombang,2021-Q1,755,130,2444,22,885,2,107,4,772,340854,334388
Kabupaten Nganjuk,2021-Q1,413,496,2152,62,909,1,110,1,797,285642,281136
Kabupaten Madiun,2021-Q1,671,136,2004,83,807,0,80,0,727,187117,190015
Kabupaten Magetan,2021-Q1,525,311,6264,199,836,0,92,0,744,169570,175115
Kabupaten Ngawi,2021-Q1,661,131,1860,45,792,0,94,0,698,223215,225170
Kabupaten Bojonegoro,2021-Q1,732,578,2036,60,1310,1,115,2,1192,337586,334362
Kabupaten Tuban,2021-Q1,632,689,3296,86,1321,1,90,7,1223,305990,305639
Kabupaten Lamongan,2021-Q1,1098,220,2820,68,1318,0,148,4,1166,345643,344223
Kabupaten Gresik,2021-Q1,659,776,5752,89,1435,3,149,5,1278,322955,319026
Kabupaten Bangkalan,2021-Q1,169,663,1641,250,832,0,79,0,753,267188,274192
Kabupaten Sampang,2021-Q1,295,166,652,4,461,0,50,0,411,223536,227722
Kabupaten Pamekasan,2021-Q1,415,274,1512,35,689,0,61,2,626,205603,214792
Kabupaten Sumenep,2021-Q1,1282,121,3364,20,1403,2,29,0,1372,273668,293707
Kota Kediri,2021-Q1,521,63,1268,35,584,1,65,2,516,72561,73621
Kota Blitar,2021-Q1,260,85,1276,38,345,0,59,1,285,39404,39658
Kota Malang,2021-Q1,409,443,4868,207,852,5,161,6,680,215641,217537
Kota Probolinggo,2021-Q1,170,96,1176,9,266,0,40,0,226,60275,60849
Kota Pasuruan,2021-Q1,121,217,1228,10,338,1,34,1,302,52596,52575
Kota Mojokerto,2021-Q1,173,38,1628,28,211,0,55,0,156,34742,35239
Kota Madiun,2021-Q1,169,158,764,30,327,0,64,0,263,49269,51353
Kota Surabaya,2021-Q1,1781,549,11888,210,2330,5,375,21,1929,736872,748550
Kota Batu,2021-Q1,113,109,2072,25,222,0,35,2,185,54134,53490
Kabupaten Pacitan,2021-Q2,444,115,984,27,559,0,54,2,388,149895,148896
Kabupaten Ponorogo,2021-Q2,840,187,2751,72,1027,0,129,3,708,241565,242776
Kabupaten Trenggalek,2021-Q2,398,352,2213,45,750,0,88,2,308,187878,185490
Kabupaten Tulungagung,2021-Q2,745,668,3025,26,1413,2,141,3,599,282941,280399
Kabupaten Blitar,2021-Q2,568,472,1754,47,1040,0,103,0,465,309414,304733
Kabupaten Kediri,2021-Q2,836,632,5733,71,1468,0,141,5,690,422442,413469
Kabupaten Malang,2021-Q2,1371,35,11488,91,1406,3,246,6,1116,658806,647148
Kabupaten Lumajang,2021-Q2,492,204,3316,23,696,0,100,1,391,271175,274754
Kabupaten Jember,2021-Q2,546,1363,6601,79,1909,1,203,13,329,644387,646356
Kabupaten Banyuwangi,2021-Q2,517,391,4436,98,908,0,153,5,359,437186,437701
Kabupaten Bondowoso,2021-Q2,497,459,1319,9,956,1,91,1,404,196186,204585
Kabupaten Situbondo,2021-Q2,396,358,2248,18,754,0,67,1,328,163460,169663
Kabupaten Probolinggo,2021-Q2,687,135,1267,22,822,0,74,1,612,285484,292801
Kabupaten Pasuruan,2021-Q2,1047,123,19983,78,1170,7,123,4,913,401034,400843
Kabupaten Sidoarjo,2021-Q2,647,1000,6707,66,1647,4,268,10,365,489712,486150
Kabupaten Mojokerto,2021-Q2,732,210,463,40,942,0,162,4,566,283945,279582
Kabupaten Jombang,2021-Q2,763,130,175,21,893,2,119,4,638,340854,334388
Kabupaten Nganjuk,2021-Q2,418,492,1828,51,910,1,120,1,296,285642,281136
Kabupaten Madiun,2021-Q2,395,413,2633,91,808,1,91,3,300,187117,190015
Kabupaten Magetan,2021-Q2,532,308,3559,212,840,0,93,0,439,169570,175115
Kabupaten Ngawi,2021-Q2,664,131,1404,42,795,0,97,0,567,223215,225170
Kabupaten Bojonegoro,2021-Q2,740,578,10281,60,1318,2,114,1,623,337586,334362
Kabupaten Tuban,2021-Q2,640,689,2821,85,1329,1,98,7,534,305990,305639
Kabupaten Lamongan,2021-Q2,1102,220,2247,67,1322,0,150,4,948,345643,344223
Kabupaten Gresik,2021-Q2,673,776,3025,80,1449,3,149,5,516,322955,319026
Kabupaten Bangkalan,2021-Q2,173,663,1641,250,836,0,79,0,94,267188,274192
Kabupaten Sampang,2021-Q2,301,164,544,4,465,0,50,0,251,223536,227722
Kabupaten Pamekasan,2021-Q2,435,274,1579,34,709,1,62,1,371,205603,214792
Kabupaten Sumenep,2021-Q2,1277,134,3783,20,1411,1,32,1,1243,273668,293707
Kota Kediri,2021-Q2,524,63,931,34,587,1,70,3,450,72561,73621
Kota Blitar,2021-Q2,261,85,916,40,346,0,58,1,202,39404,39658
Kota Malang,2021-Q2,414,443,6566,212,857,4,173,10,227,215641,217537
Kota Probolinggo,2021-Q2,173,94,914,8,267,0,42,1,130,60275,60849
Kota Pasuruan,2021-Q2,122,217,884,10,339,1,34,1,86,52596,52575
Kota Mojokerto,2021-Q2,171,40,1353,28,211,0,58,0,113,34742,35239
Kota Madiun,2021-Q2,169,158,654,30,327,0,76,0,93,49269,51353
Kota Surabaya,2021-Q2,1796,549,10107,206,2345,5,388,24,1379,736872,748550
Kota Batu,2021-Q2,117,109,1605,26,226,0,37,2,78,54134,53490
Kabupaten Pacitan,2021-Q3,446,114,1344,27,560,0,61,2,383,149957,149042
Kabupaten Ponorogo,2021-Q3,841,187,3346,67,1028,0,130,3,708,241587,243141
Kabupaten Trenggalek,2021-Q3,404,352,2652,45,756,0,89,1,314,187908,185690
Kabupaten Tulungagung,2021-Q3,747,669,3479,29,1416,2,143,3,599,282512,280997
Kabupaten Blitar,2021-Q3,571,472,2079,44,1043,0,104,0,467,309354,305284
Kabupaten Kediri,2021-Q3,842,630,6456,58,1472,0,142,5,695,422576,414003
Kabupaten Malang,2021-Q3,1372,35,13949,91,1407,3,252,6,1111,664305,653670
Kabupaten Lumajang,2021-Q3,496,204,3863,30,700,0,103,1,392,271307,275058
Kabupaten Jember,2021-Q3,550,1360,7789,79,1910,2,208,12,328,645588,645749
Kabupaten Banyuwangi,2021-Q3,520,392,5252,108,912,0,156,5,359,437554,437835
Kabupaten Bondowoso,2021-Q3,502,458,1603,6,960,1,91,1,409,196399,204652
Kabupaten Situbondo,2021-Q3,401,354,2903,14,755,0,69,1,331,163422,169888
Kabupaten Probolinggo,2021-Q3,691,135,137,26,826,0,74,1,616,285706,292998
Kabupaten Pasuruan,2021-Q3,1057,123,19619,76,1180,7,124,4,922,400899,401620
Kabupaten Sidoarjo,2021-Q3,650,1003,6932,71,1653,5,268,10,367,489511,486772
Kabupaten Mojokerto,2021-Q3,730,219,1658,42,949,1,163,5,561,283981,279843
Kabupaten Jombang,2021-Q3,769,130,2212,23,899,2,120,4,643,340884,334827
Kabupaten Nganjuk,2021-Q3,388,522,2061,43,910,1,120,0,267,285646,281309
Kabupaten Madiun,2021-Q3,399,412,2977,43,811,1,92,3,303,187118,190111
Kabupaten Magetan,2021-Q3,516,326,4317,299,842,0,97,0,419,169545,175226
Kabupaten Ngawi,2021-Q3,665,131,1758,48,796,0,97,0,568,223155,225327
Kabupaten Bojonegoro,2021-Q3,749,578,12387,44,1327,2,114,1,632,337192,334026
Kabupaten Tuban,2021-Q3,641,689,2962,66,1330,1,99,7,534,306137,305573
Kabupaten Lamongan,2021-Q3,1103,222,267,74,1325,0,150,4,949,345706,344367
Kabupaten Gresik,2021-Q3,679,775,3523,98,1454,3,150,5,521,322701,319379
Kabupaten Bangkalan,2021-Q3,174,663,202,250,837,0,79,0,95,267281,274316
Kabupaten Sampang,2021-Q3,302,164,665,8,466,0,49,0,253,229756,234060
Kabupaten Pamekasan,2021-Q3,441,277,1703,57,718,1,63,1,376,206522,216033
Kabupaten Sumenep,2021-Q3,1287,136,3553,20,1423,1,32,1,1253,273595,293810
Kota Kediri,2021-Q3,530,63,1429,35,593,1,79,3,447,72573,73726
Kota Blitar,2021-Q3,262,85,1097,40,347,0,59,1,202,39410,39712
Kota Malang,2021-Q3,420,443,721,79,863,4,177,10,229,215601,217638
Kota Probolinggo,2021-Q3,171,62,1064,9,233,0,43,1,127,60310,60900
Kota Pasuruan,2021-Q3,122,217,1056,10,339,1,32,1,88,52652,52648
Kota Mojokerto,2021-Q3,147,56,1344,24,203,0,56,0,91,34780,35303
Kota Madiun,2021-Q3,171,158,787,32,329,0,76,0,95,49240,51486
Kota Surabaya,2021-Q3,1805,550,10412,200,2355,5,398,25,1377,736409,749068
Kota Batu,2021-Q3,122,109,1939,26,231,1,37,1,83,54183,53514
Kabupaten Pacitan,2021-Q4,446,115,624,27,561,0,44,2,517,149957,149042
Kabupaten Ponorogo,2021-Q4,832,184,2370,57,1016,0,117,3,910,241587,243141
Kabupaten Trenggalek,2021-Q4,401,351,1956,34,752,0,86,1,673,187908,185690
Kabupaten Tulungagung,2021-Q4,707,664,2205,14,1371,1,132,2,1285,282512,280997
Kabupaten Blitar,2021-Q4,546,470,1797,44,1016,1,99,0,951,309354,305284
Kabupaten Kediri,2021-Q4,818,622,3246,56,1440,1,134,4,1342,422576,414003
Kabupaten Malang,2021-Q4,1330,11,8847,61,1341,4,179,7,1226,664305,653670
Kabupaten Lumajang,2021-Q4,485,203,1662,6,688,1,98,1,604,271307,275058
Kabupaten Jember,2021-Q4,532,1353,3807,70,1885,2,190,9,1723,645588,645749
Kabupaten Banyuwangi,2021-Q4,506,392,3432,83,898,0,149,6,763,437554,437835
Kabupaten Bondowoso,2021-Q4,502,456,1245,7,958,1,90,1,867,196399,204652
Kabupaten Situbondo,2021-Q4,394,352,2274,17,746,0,68,1,687,163422,169888
Kabupaten Probolinggo,2021-Q4,679,129,651,6,808,0,65,2,759,285706,292998
Kabupaten Pasuruan,2021-Q4,1026,113,11649,72,1139,6,118,4,1063,400899,401620
Kabupaten Sidoarjo,2021-Q4,568,929,1716,18,1497,5,245,10,1405,489511,486772
Kabupaten Mojokerto,2021-Q4,140,216,960,18,356,1,155,4,793,283981,279843
Kabupaten Jombang,2021-Q4,737,129,1053,10,866,2,119,4,778,340884,334827
Kabupaten Nganjuk,2021-Q4,391,515,1041,51,906,1,108,0,818,285646,281309
Kabupaten Madiun,2021-Q4,387,404,1617,42,791,1,94,3,717,187118,190111
Kabupaten Magetan,2021-Q4,518,324,2883,147,842,0,94,1,757,169545,175226
Kabupaten Ngawi,2021-Q4,666,129,1278,37,795,0,96,1,706,223155,225327
Kabupaten Bojonegoro,2021-Q4,727,575,9300,22,1302,2,108,1,1220,337192,334026
Kabupaten Tuban,2021-Q4,542,782,1425,23,1324,0,97,7,1232,306137,305573
Kabupaten Lamongan,2021-Q4,1088,217,1503,34,1305,0,124,3,1204,345706,344367
Kabupaten Gresik,2021-Q4,676,770,2241,53,1446,3,143,5,1327,322701,319379
Kabupaten Bangkalan,2021-Q4,165,661,1572,245,826,0,67,0,775,267281,274316
Kabupaten Sampang,2021-Q4,278,180,438,1,458,0,48,0,419,229756,234060
Kabupaten Pamekasan,2021-Q4,438,276,498,32,714,1,59,1,675,206522,216033
Kabupaten Sumenep,2021-Q4,1279,139,315,1,1418,2,32,1,1399,273595,293810
Kota Kediri,2021-Q4,501,58,351,13,559,1,76,3,519,72573,73726
Kota Blitar,2021-Q4,256,84,849,37,340,0,58,1,290,39410,39712
Kota Malang,2021-Q4,359,417,2364,53,776,4,162,11,694,215601,217638
Kota Probolinggo,2021-Q4,164,60,702,6,224,0,43,1,191,60310,60900
Kota Pasuruan,2021-Q4,113,217,762,5,330,1,31,1,306,52652,52648
Kota Mojokerto,2021-Q4,140,52,906,25,192,0,54,0,148,34780,35303
Kota Madiun,2021-Q4,156,152,477,7,308,0,67,0,264,49240,51486
Kota Surabaya,2021-Q4,1590,376,2886,70,1966,6,357,25,1993,736409,749068
Kota Batu,2021-Q4,120,104,1446,22,224,1,34,1,202,54183,53514
Kabupaten Pacitan,2022-Q1,447,115,218,29,562,0,47,2,516,150169,149299
Kabupaten Ponorogo,2022-Q1,833,184,841,56,1017,0,129,3,900,241670,243332
Kabupaten Trenggalek,2022-Q1,407,351,667,33,758,0,89,1,677,187890,185935
Kabupaten Tulungagung,2022-Q1,711,664,607,21,1375,1,135,3,1286,282798,281016
Kabupaten Blitar,2022-Q1,554,468,559,44,1022,0,109,0,948,309307,305809
Kabupaten Kediri,2022-Q1,825,621,1097,48,1446,2,140,3,1344,422957,414113
Kabupaten Malang,2022-Q1,1332,12,3010,68,1344,3,189,7,1222,668373,658170
Kabupaten Lumajang,2022-Q1,490,202,583,5,692,1,102,2,604,271467,275340
Kabupaten Jember,2022-Q1,537,1357,1338,67,1894,2,195,9,1726,645244,646873
Kabupaten Banyuwangi,2022-Q1,520,388,1162,92,908,0,165,5,759,437502,438669
Kabupaten Bondowoso,2022-Q1,498,456,415,7,954,0,91,1,870,196671,204597
Kabupaten Situbondo,2022-Q1,396,352,751,17,748,0,70,1,689,163441,170078
Kabupaten Probolinggo,2022-Q1,472,337,238,8,809,0,66,2,760,285813,293426
Kabupaten Pasuruan,2022-Q1,1034,113,3880,66,1147,6,124,4,1067,400856,402548
Kabupaten Sidoarjo,2022-Q1,576,922,636,19,1498,5,272,11,1380,489784,487718
Kabupaten Mojokerto,2022-Q1,709,216,340,12,925,1,169,4,783,284137,280073
Kabupaten Jombang,2022-Q1,723,143,331,9,866,2,128,4,772,340902,335279
Kabupaten Nganjuk,2022-Q1,396,513,322,48,909,1,123,1,805,285770,281539
Kabupaten Madiun,2022-Q1,384,407,576,33,791,1,97,2,716,187337,190375
Kabupaten Magetan,2022-Q1,529,313,824,113,842,0,95,2,757,169682,175267
Kabupaten Ngawi,2022-Q1,676,128,415,35,804,0,106,1,706,223225,225515
Kabupaten Bojonegoro,2022-Q1,731,575,3261,35,1306,1,111,3,1221,337383,334200
Kabupaten Tuban,2022-Q1,545,781,465,24,1326,1,98,4,1235,306414,305765
Kabupaten Lamongan,2022-Q1,1097,217,516,30,1314,0,141,4,1196,346058,344370
Kabupaten Gresik,2022-Q1,684,768,752,54,1452,3,153,5,1323,322949,319483
Kabupaten Bangkalan,2022-Q1,167,659,553,259,826,0,70,0,772,267781,274175
Kabupaten Sampang,2022-Q1,282,178,148,0,460,0,50,0,419,235466,239750
Kabupaten Pamekasan,2022-Q1,442,276,257,34,718,1,64,3,672,209653,218979
Kabupaten Sumenep,2022-Q1,1281,139,79,0,1420,2,37,1,1396,273813,293908
Kota Kediri,2022-Q1,501,59,204,21,560,1,86,3,512,72805,73839
Kota Blitar,2022-Q1,258,84,286,31,342,0,59,1,289,39484,39728
Kota Malang,2022-Q1,360,416,711,43,776,5,171,11,688,215621,217901
Kota Probolinggo,2022-Q1,166,60,222,5,226,0,43,1,193,60369,61088
Kota Pasuruan,2022-Q1,113,217,269,4,330,1,29,1,307,52842,52768
Kota Mojokerto,2022-Q1,147,50,290,24,197,0,57,0,151,34872,35350
Kota Madiun,2022-Q1,156,152,244,8,308,0,79,0,255,49355,51451
Kota Surabaya,2022-Q1,1600,376,902,64,1976,5,373,25,1999,736759,749642
Kota Batu,2022-Q1,122,103,488,20,225,1,6,1,33,54312,53756
Kabupaten Pacitan,2022-Q2,451,115,273,28,566,0,0,0,566,150169,149299
Kabupaten Ponorogo,2022-Q2,858,183,929,61,1041,0,0,0,1041,241670,243332
Kabupaten Trenggalek,2022-Q2,419,352,720,42,771,0,0,0,771,187890,185935
Kabupaten Tulungagung,2022-Q2,761,667,850,48,1428,0,1,0,1427,282798,281016
Kabupaten Blitar,2022-Q2,592,473,692,57,1065,0,0,0,1065,309307,305809
Kabupaten Kediri,2022-Q2,876,626,1731,60,1502,0,0,0,1502,422957,414113
Kabupaten Malang,2022-Q2,1391,36,3695,103,1427,0,0,0,1427,668373,658170
Kabupaten Lumajang,2022-Q2,516,204,655,53,720,0,0,0,720,271467,275340
Kabupaten Jember,2022-Q2,576,1365,1481,80,1941,0,0,0,1941,645244,646873
Kabupaten Banyuwangi,2022-Q2,551,387,1472,133,938,0,0,0,938,437502,438669
Kabupaten Bondowoso,2022-Q2,506,459,432,9,965,0,0,0,965,196671,204597
Kabupaten Situbondo,2022-Q2,411,353,811,20,764,0,0,0,764,163441,170078
Kabupaten Probolinggo,2022-Q2,487,343,451,15,830,0,0,0,830,285813,293426
Kabupaten Pasuruan,2022-Q2,1083,123,7024,78,1206,0,0,0,1206,400856,402548
Kabupaten Sidoarjo,2022-Q2,695,982,103328,37,1677,0,1,0,1676,489784,487718
Kabupaten Mojokerto,2022-Q2,740,223,339,24,963,0,0,0,963,284137,280073
Kabupaten Jombang,2022-Q2,765,145,360,19,910,0,22,0,888,340902,335279
Kabupaten Nganjuk,2022-Q2,375,554,2685,51,929,1,15,0,913,285770,281539
Kabupaten Madiun,2022-Q2,411,406,996,97,817,1,15,0,801,187337,190375
Kabupaten Magetan,2022-Q2,544,313,818,121,857,0,21,0,836,169682,175267
Kabupaten Ngawi,2022-Q2,686,129,469,40,815,0,16,0,799,223225,225515
Kabupaten Bojonegoro,2022-Q2,761,577,3673,80,1338,2,114,2,1220,337383,334200
Kabupaten Tuban,2022-Q2,564,780,589,47,1344,1,101,4,1238,306414,305765
Kabupaten Lamongan,2022-Q2,1126,223,581,51,1349,0,150,4,1195,346058,344370
Kabupaten Gresik,2022-Q2,724,770,974,64,1494,3,153,6,1332,322949,319483
Kabupaten Bangkalan,2022-Q2,186,659,562,298,845,0,26,0,819,267781,274175
Kabupaten Sampang,2022-Q2,291,179,179,8,470,0,9,0,461,235466,239750
Kabupaten Pamekasan,2022-Q2,462,278,622,99,740,0,10,2,728,209653,218979
Kabupaten Sumenep,2022-Q2,1294,165,1254,30,1459,1,7,1,1450,273813,293908
Kota Kediri,2022-Q2,539,66,382,35,605,0,10,0,595,72805,73839
Kota Blitar,2022-Q2,265,85,301,25,350,0,7,0,343,39484,39728
Kota Malang,2022-Q2,438,440,1619,192,878,0,50,5,823,215621,217901
Kota Probolinggo,2022-Q2,173,64,275,8,237,0,8,0,229,60369,61088
Kota Pasuruan,2022-Q2,121,217,288,7,338,0,7,0,331,52842,52768
Kota Mojokerto,2022-Q2,164,47,318,26,211,0,58,0,153,34872,35350
Kota Madiun,2022-Q2,178,157,546,7,335,0,8,0,327,49355,51451
Kota Surabaya,2022-Q2,1859,555,2273,177,2414,0,95,3,2316,736759,749642
Kota Batu,2022-Q2,127,113,493,26,240,0,0,0,240,54312,53756
Kabupaten Pacitan,2022-Q3,448,115,576,28,563,0,51,2,513,150246,149345
Kabupaten Ponorogo,2022-Q3,849,179,1241,58,1028,0,135,3,905,241279,243968
Kabupaten Trenggalek,2022-Q3,417,351,693,34,768,0,91,1,685,188636,186904
Kabupaten Tulungagung,2022-Q3,712,663,3438,36,1375,1,138,3,1291,282691,281353
Kabupaten Blitar,2022-Q3,564,468,413,49,1032,0,125,1,941,311401,308382
Kabupaten Kediri,2022-Q3,841,618,736,47,1459,3,151,4,1352,422763,414646
Kabupaten Malang,2022-Q3,1342,12,1364,86,1354,3,241,10,1179,675196,665570
Kabupaten Lumajang,2022-Q3,506,200,271,5,706,0,107,2,625,272205,276547
Kabupaten Jember,2022-Q3,559,1352,765,71,1911,1,199,9,1744,645919,646719
Kabupaten Banyuwangi,2022-Q3,538,386,433,122,924,0,178,5,765,439796,441295
Kabupaten Bondowoso,2022-Q3,503,456,522,7,959,0,91,1,878,196651,204782
Kabupaten Situbondo,2022-Q3,409,350,672,15,759,0,77,1,693,164675,171876
Kabupaten Probolinggo,2022-Q3,471,340,793,8,811,0,73,2,755,287917,295838
Kabupaten Pasuruan,2022-Q3,1039,113,3198,63,1152,5,132,6,1067,403017,405078
Kabupaten Sidoarjo,2022-Q3,589,919,233,25,1508,4,284,11,1385,494737,492782
Kabupaten Mojokerto,2022-Q3,716,216,420,11,932,0,178,4,783,285682,281775
Kabupaten Jombang,2022-Q3,729,142,425,6,871,2,134,5,778,342490,337177
Kabupaten Nganjuk,2022-Q3,354,556,273,40,910,1,127,0,806,285481,282057
Kabupaten Madiun,2022-Q3,388,402,262,40,790,1,108,2,709,187376,190491
Kabupaten Magetan,2022-Q3,532,313,4575,117,845,0,102,2,754,169552,175571
Kabupaten Ngawi,2022-Q3,648,166,870,42,814,0,110,1,713,223166,225999
Kabupaten Bojonegoro,2022-Q3,742,572,282,64,1314,2,117,2,1230,338738,336587
Kabupaten Tuban,2022-Q3,595,744,151,29,1339,1,106,4,1241,311431,310887
Kabupaten Lamongan,2022-Q3,1109,216,866,30,1325,0,151,4,1200,346389,344318
Kabupaten Gresik,2022-Q3,704,763,782,49,1467,3,162,6,1334,324431,321329
Kabupaten Bangkalan,2022-Q3,174,658,133,235,832,0,81,0,770,255867,263778
Kabupaten Sampang,2022-Q3,286,176,664,0,462,0,54,0,419,240838,245643
Kabupaten Pamekasan,2022-Q3,449,275,486,35,724,2,68,2,677,212673,222183
Kabupaten Sumenep,2022-Q3,1120,372,684,4,1492,2,53,2,1452,274236,293716
Kota Kediri,2022-Q3,514,59,484,20,573,1,90,2,516,73096,74250
Kota Blitar,2022-Q3,258,84,308,27,342,0,60,0,291,39476,39803
Kota Malang,2022-Q3,362,412,180,34,774,3,173,12,694,216527,219035
Kota Probolinggo,2022-Q3,166,60,351,6,226,0,44,1,192,60396,61149
Kota Pasuruan,2022-Q3,114,217,596,4,331,1,30,1,307,52878,52809
Kota Mojokerto,2022-Q3,157,43,287,25,200,0,58,0,154,34969,35397
Kota Madiun,2022-Q3,157,150,263,4,307,0,89,0,246,49472,51408
Kota Surabaya,2022-Q3,1617,376,212,64,1993,7,404,23,1999,739858,754074
Kota Batu,2022-Q3,120,106,848,29,226,1,36,1,203,54759,54177
Kabupaten Pacitan,2022-Q4,449,114,273,28,563,0,51,2,513,150246,149345
Kabupaten Ponorogo,2022-Q4,852,179,851,56,1031,0,135,3,910,241279,243968
Kabupaten Trenggalek,2022-Q4,420,351,669,34,771,0,91,1,688,188636,186904
Kabupaten Tulungagung,2022-Q4,715,664,693,39,1379,1,142,3,1293,282691,281353
Kabupaten Blitar,2022-Q4,593,465,717,49,1058,0,129,1,964,311401,308382
Kabupaten Kediri,2022-Q4,844,618,786,48,1462,3,153,4,1355,422763,414646
Kabupaten Malang,2022-Q4,1344,14,3222,89,1358,3,252,9,1175,675196,665570
Kabupaten Lumajang,2022-Q4,505,200,506,9,705,0,107,2,625,272205,276547
Kabupaten Jember,2022-Q4,577,1347,1378,71,1924,1,201,9,1758,645919,646719
Kabupaten Banyuwangi,2022-Q4,557,386,1361,136,943,0,179,5,784,439796,441295
Kabupaten Bondowoso,2022-Q4,513,456,414,7,969,0,90,2,890,196651,204782
Kabupaten Situbondo,2022-Q4,410,350,777,16,760,0,78,1,694,164675,171876
Kabupaten Probolinggo,2022-Q4,475,339,282,8,814,0,75,2,759,287917,295838
Kabupaten Pasuruan,2022-Q4,1041,113,4559,65,1154,5,137,6,1068,403017,405078
Kabupaten Sidoarjo,2022-Q4,599,915,874,27,1514,3,289,11,1391,494737,492782
Kabupaten Mojokerto,2022-Q4,453,482,232,11,935,0,179,4,786,285682,281775
Kabupaten Jombang,2022-Q4,732,143,175,3,875,2,139,5,779,342490,337177
Kabupaten Nganjuk,2022-Q4,358,554,443,41,912,1,127,0,808,285481,282057
Kabupaten Madiun,2022-Q4,391,401,678,39,792,1,109,3,709,187376,190491
Kabupaten Magetan,2022-Q4,535,313,787,99,848,0,104,2,755,169552,175571
Kabupaten Ngawi,2022-Q4,673,166,450,45,839,0,109,1,740,223166,225999
Kabupaten Bojonegoro,2022-Q4,750,566,3444,64,1316,2,117,2,1235,338738,336587
Kabupaten Tuban,2022-Q4,610,732,454,30,1342,2,108,3,1242,311431,310887
Kabupaten Lamongan,2022-Q4,1114,216,430,29,1330,1,153,4,1202,346389,344318
Kabupaten Gresik,2022-Q4,719,760,802,50,1479,3,164,6,1346,324431,321329
Kabupaten Bangkalan,2022-Q4,177,658,631,236,835,0,82,0,773,255867,263778
Kabupaten Sampang,2022-Q4,294,174,159,1,468,0,55,0,422,240838,245643
Kabupaten Pamekasan,2022-Q4,456,274,262,35,730,2,68,2,685,212673,222183
Kabupaten Sumenep,2022-Q4,1067,435,133,4,1502,2,58,2,1457,274236,293716
Kota Kediri,2022-Q4,516,59,179,20,575,1,92,2,516,73096,74250
Kota Blitar,2022-Q4,259,84,305,26,343,0,60,0,293,39476,39803
Kota Malang,2022-Q4,363,412,582,33,775,3,175,12,700,216527,219035
Kota Probolinggo,2022-Q4,166,60,218,6,226,0,46,1,190,60396,61149
Kota Pasuruan,2022-Q4,116,217,263,4,333,1,30,1,309,52878,52809
Kota Mojokerto,2022-Q4,158,43,287,25,201,0,58,0,156,34969,35397
Kota Madiun,2022-Q4,157,150,351,4,307,0,89,0,247,49472,51408
Kota Surabaya,2022-Q4,1622,380,832,61,2002,7,423,25,1991,739858,754074
Kota Batu,2022-Q4,119,106,487,28,225,1,36,1,203,54759,54177
Kabupaten Pacitan,2023-Q1,449,114,233,24,563,0,41,1,410,150321,149467
Kabupaten Ponorogo,2023-Q1,860,179,780,48,1039,0,137,3,735,241848,244787
Kabupaten Trenggalek,2023-Q1,424,352,669,33,776,0,88,1,344,189856,187819
Kabupaten Tulungagung,2023-Q1,715,664,825,22,1379,1,142,3,626,283723,282350
Kabupaten Blitar,2023-Q1,597,465,660,45,1062,0,113,1,515,312591,309673
Kabupaten Kediri,2023-Q1,851,618,755,47,1469,3,150,4,743,423743,415777
Kabupaten Malang,2023-Q1,1346,14,3220,83,1360,4,262,7,1131,677577,668553
Kabupaten Lumajang,2023-Q1,506,200,539,12,706,0,104,3,426,273301,277653
Kabupaten Jember,2023-Q1,589,1346,1227,66,1935,3,195,6,421,647100,648046
Kabupaten Banyuwangi,2023-Q1,567,386,1341,131,953,0,180,4,408,441454,443164
Kabupaten Bondowoso,2023-Q1,519,456,259,6,975,1,74,0,455,197440,205518
Kabupaten Situbondo,2023-Q1,414,350,774,14,764,1,75,0,348,165931,173304
Kabupaten Probolinggo,2023-Q1,192,623,277,7,815,0,72,2,135,289000,297091
Kabupaten Pasuruan,2023-Q1,1040,113,3340,95,1153,7,126,5,956,404530,406800
Kabupaten Sidoarjo,2023-Q1,603,914,957,28,1517,4,283,11,426,496642,494828
Kabupaten Mojokerto,2023-Q1,456,482,253,12,938,1,171,3,308,286811,282918
Kabupaten Jombang,2023-Q1,733,143,164,1,876,2,142,5,634,343849,338539
Kabupaten Nganjuk,2023-Q1,343,575,471,36,918,1,120,0,239,286621,283188
Kabupaten Madiun,2023-Q1,394,400,674,34,794,2,115,2,305,188371,190888
Kabupaten Magetan,2023-Q1,539,313,1442,56,852,0,106,2,444,169885,175925
Kabupaten Ngawi,2023-Q1,691,166,436,44,857,0,111,1,589,223939,226880
Kabupaten Bojonegoro,2023-Q1,764,559,3502,58,1323,2,116,4,680,340156,337873
Kabupaten Tuban,2023-Q1,618,730,421,23,1348,3,114,3,512,312748,312063
Kabupaten Lamongan,2023-Q1,1116,216,335,24,1332,1,149,4,988,346818,344796
Kabupaten Gresik,2023-Q1,724,760,9313,37,1484,3,163,6,588,325732,322613
Kabupaten Bangkalan,2023-Q1,177,660,548,240,837,0,79,0,120,256645,264790
Kabupaten Sampang,2023-Q1,297,174,137,1,471,0,55,0,251,242838,247907
Kabupaten Pamekasan,2023-Q1,463,274,231,34,737,2,63,2,422,214386,223964
Kabupaten Sumenep,2023-Q1,774,738,141,4,1512,1,58,2,730,275058,294413
Kota Kediri,2023-Q1,517,59,113,3,576,1,90,2,454,73628,74768
Kota Blitar,2023-Q1,259,84,288,24,343,0,59,0,209,39717,39986
Kota Malang,2023-Q1,361,412,460,27,773,6,159,7,283,217460,219871
Kota Probolinggo,2023-Q1,166,60,196,2,226,1,42,1,129,60597,61347
Kota Pasuruan,2023-Q1,116,217,258,4,333,1,30,1,92,53129,53073
Kota Mojokerto,2023-Q1,158,43,298,25,201,0,58,0,109,35137,35532
Kota Madiun,2023-Q1,155,150,331,4,305,0,89,0,92,49504,51492
Kota Surabaya,2023-Q1,1621,381,731,49,2002,9,385,22,1481,742858,757181
Kota Batu,2023-Q1,120,106,473,28,226,1,34,1,94,55145,54625
Kabupaten Pacitan,2023-Q2,449,114,243,24,563,0,43,2,407,150321,149467
Kabupaten Ponorogo,2023-Q2,860,179,676,43,1039,0,138,3,734,241848,244787
Kabupaten Trenggalek,2023-Q2,425,353,680,33,778,0,91,2,341,189856,187819
Kabupaten Tulungagung,2023-Q2,713,664,794,20,1377,1,142,3,626,283723,282350
Kabupaten Blitar,2023-Q2,599,465,667,47,1064,0,112,2,518,312591,309673
Kabupaten Kediri,2023-Q2,851,618,831,49,1469,2,157,5,738,423743,415777
Kabupaten Malang,2023-Q2,1115,249,3209,74,1364,3,279,9,882,677577,668553
Kabupaten Lumajang,2023-Q2,510,200,655,19,710,0,107,3,427,273301,277653
Kabupaten Jember,2023-Q2,592,1347,1251,62,1939,2,199,7,421,647100,648046
Kabupaten Banyuwangi,2023-Q2,575,386,1373,117,961,0,181,4,416,441454,443164
Kabupaten Bondowoso,2023-Q2,521,456,258,6,977,0,74,1,457,197440,205518
Kabupaten Situbondo,2023-Q2,418,350,898,23,768,0,77,1,350,165931,173304
Kabupaten Probolinggo,2023-Q2,187,629,255,7,816,0,72,2,130,289000,297091
Kabupaten Pasuruan,2023-Q2,1043,113,3859,108,1156,4,132,9,951,404530,406800
Kabupaten Sidoarjo,2023-Q2,612,906,1880,29,1518,3,293,12,427,496642,494828
Kabupaten Mojokerto,2023-Q2,457,481,248,11,938,2,172,3,307,286811,282918
Kabupaten Jombang,2023-Q2,732,143,11913,1,875,2,151,5,624,343849,338539
Kabupaten Nganjuk,2023-Q2,347,575,485,41,922,1,122,0,240,286621,283188
Kabupaten Madiun,2023-Q2,400,406,716,43,806,1,114,4,310,188371,190888
Kabupaten Magetan,2023-Q2,543,313,1577,49,856,0,114,2,440,169885,175925
Kabupaten Ngawi,2023-Q2,674,191,437,42,865,0,114,1,569,223939,226880
Kabupaten Bojonegoro,2023-Q2,768,559,3566,55,1327,2,118,4,683,340156,337873
Kabupaten Tuban,2023-Q2,619,730,414,22,1349,2,116,3,512,312748,312063
Kabupaten Lamongan,2023-Q2,1094,240,361,27,1334,0,164,5,951,346818,344796
Kabupaten Gresik,2023-Q2,728,756,619,24,1484,3,172,8,583,325732,322613
Kabupaten Bangkalan,2023-Q2,177,659,583,256,836,0,83,0,117,256645,264790
Kabupaten Sampang,2023-Q2,299,174,142,1,473,0,55,0,254,242838,247907
Kabupaten Pamekasan,2023-Q2,465,274,231,34,739,1,63,3,425,214386,223964
Kabupaten Sumenep,2023-Q2,776,738,145,4,1514,1,58,2,732,275058,294413
Kota Kediri,2023-Q2,519,59,124,4,578,1,91,2,455,73628,74768
Kota Blitar,2023-Q2,259,84,282,24,343,0,60,0,208,39717,39986
Kota Malang,2023-Q2,365,411,579,30,776,4,171,11,273,217460,219871
Kota Probolinggo,2023-Q2,168,60,163,4,228,0,42,2,131,60597,61347
Kota Pasuruan,2023-Q2,117,217,239,4,334,1,31,1,92,53129,53073
Kota Mojokerto,2023-Q2,159,43,300,26,202,0,62,0,107,35137,35532
Kota Madiun,2023-Q2,156,150,416,10,306,0,90,0,92,49504,51492
Kota Surabaya,2023-Q2,1624,381,700,41,2005,9,393,23,1485,742858,757181
Kota Batu,2023-Q2,121,106,479,27,227,1,32,1,82,55145,54625
Kabupaten Pacitan,2023-Q3,450,114,271,26,564,0,10,2,442,149583,149112
Kabupaten Ponorogo,2023-Q3,860,179,684,43,1039,0,32,3,840,242335,245595
Kabupaten Trenggalek,2023-Q3,420,360,680,33,780,0,26,2,402,189999,188056
Kabupaten Tulungagung,2023-Q3,718,664,916,15,1382,0,34,5,739,284264,283088
Kabupaten Blitar,2023-Q3,600,466,639,43,1066,0,14,2,621,314549,311572
Kabupaten Kediri,2023-Q3,854,618,973,47,1472,1,41,4,862,424979,417248
Kabupaten Malang,2023-Q3,1116,249,3213,73,1365,1,81,9,1098,681883,673669
Kabupaten Lumajang,2023-Q3,511,199,669,21,710,0,32,1,505,275086,279158
Kabupaten Jember,2023-Q3,593,1347,1242,64,1940,1,57,8,567,649426,650906
Kabupaten Banyuwangi,2023-Q3,579,387,1377,117,966,0,40,3,563,444144,445864
Kabupaten Bondowoso,2023-Q3,526,456,293,6,982,0,19,0,518,195154,203302
Kabupaten Situbondo,2023-Q3,420,350,898,23,770,0,10,1,420,167349,174823
Kabupaten Probolinggo,2023-Q3,199,618,225,14,817,0,28,2,186,290987,299197
Kabupaten Pasuruan,2023-Q3,1051,113,3904,107,1164,3,35,10,1058,407381,409630
Kabupaten Sidoarjo,2023-Q3,620,901,1924,29,1521,2,54,12,677,500034,498379
Kabupaten Mojokerto,2023-Q3,466,481,241,16,947,2,43,3,448,288836,284882
Kabupaten Jombang,2023-Q3,732,143,11926,1,875,0,24,7,754,345181,340075
Kabupaten Nganjuk,2023-Q3,349,577,498,43,926,1,22,0,343,287836,284419
Kabupaten Madiun,2023-Q3,375,433,716,43,808,2,19,3,380,185405,188390
Kabupaten Magetan,2023-Q3,544,313,1574,50,857,0,33,2,527,170101,176176
Kabupaten Ngawi,2023-Q3,677,191,437,41,868,0,13,1,673,224526,227521
Kabupaten Bojonegoro,2023-Q3,772,556,732,53,1328,3,32,3,781,342159,339371
Kabupaten Tuban,2023-Q3,632,722,467,25,1354,2,27,2,620,315129,314055
Kabupaten Lamongan,2023-Q3,1099,240,361,28,1339,0,31,4,1094,347402,345516
Kabupaten Gresik,2023-Q3,740,750,592,21,1490,3,49,7,723,327648,324454
Kabupaten Bangkalan,2023-Q3,177,659,582,256,836,0,22,0,181,257714,265939
Kabupaten Sampang,2023-Q3,299,174,142,1,473,0,16,0,296,244450,249730
Kabupaten Pamekasan,2023-Q3,483,273,241,34,756,1,12,2,495,215946,225473
Kabupaten Sumenep,2023-Q3,785,738,144,4,1523,1,15,2,784,275683,295422
Kota Kediri,2023-Q3,520,59,124,4,579,1,16,2,532,74148,75262
Kota Blitar,2023-Q3,260,84,275,25,344,0,9,0,260,39826,40065
Kota Malang,2023-Q3,367,410,574,32,777,2,32,13,418,218900,221494
Kota Probolinggo,2023-Q3,169,60,172,5,229,0,6,2,168,60801,61479
Kota Pasuruan,2023-Q3,121,217,257,4,338,1,7,1,120,53147,53086
Kota Mojokerto,2023-Q3,149,54,294,26,203,0,7,0,152,35245,35648
Kota Madiun,2023-Q3,156,150,416,10,306,0,16,0,166,49660,51613
Kota Surabaya,2023-Q3,1054,951,673,41,2005,8,132,25,1190,745179,759464
Kota Batu,2023-Q3,122,106,454,21,228,0,4,2,126,55695,55162
Kabupaten Pacitan,2023-Q4,451,114,315,30,565,0,14,2,438,149583,149112
Kabupaten Ponorogo,2023-Q4,864,179,690,44,1043,0,32,3,843,242335,245595
Kabupaten Trenggalek,2023-Q4,417,365,690,33,782,0,26,2,396,189999,188056
Kabupaten Tulungagung,2023-Q4,722,662,921,15,1384,0,36,4,738,284264,283088
Kabupaten Blitar,2023-Q4,607,466,611,40,1073,0,17,2,620,314549,311572
Kabupaten Kediri,2023-Q4,862,617,972,46,1479,1,41,4,872,424979,417248
Kabupaten Malang,2023-Q4,1125,249,3186,71,1374,1,82,9,1106,681883,673669
Kabupaten Lumajang,2023-Q4,513,198,706,24,711,0,32,1,507,275086,279158
Kabupaten Jember,2023-Q4,595,1347,1262,59,1942,1,60,6,566,649426,650906
Kabupaten Banyuwangi,2023-Q4,581,388,1474,123,969,0,41,3,563,444144,445864
Kabupaten Bondowoso,2023-Q4,530,456,525,7,986,0,19,1,521,195154,203302
Kabupaten Situbondo,2023-Q4,422,350,904,21,772,0,10,1,421,167349,174823
Kabupaten Probolinggo,2023-Q4,201,617,229,14,818,0,28,2,186,290987,299197
Kabupaten Pasuruan,2023-Q4,1052,113,3857,108,1165,3,35,10,1059,407381,409630
Kabupaten Sidoarjo,2023-Q4,627,897,986,28,1524,2,54,12,683,500034,498379
Kabupaten Mojokerto,2023-Q4,478,469,228,16,947,2,44,3,460,288836,284882
Kabupaten Jombang,2023-Q4,732,144,11962,1,876,0,25,7,753,345181,340075
Kabupaten Nganjuk,2023-Q4,356,575,622,51,931,1,23,0,347,287836,284419
Kabupaten Madiun,2023-Q4,379,432,729,43,811,2,19,4,382,185405,188390
Kabupaten Magetan,2023-Q4,552,310,1594,51,862,0,33,2,534,170101,176176
Kabupaten Ngawi,2023-Q4,687,189,366,35,876,0,11,2,684,224526,227521
Kabupaten Bojonegoro,2023-Q4,780,551,3633,52,1331,4,34,4,782,342159,339371
Kabupaten Tuban,2023-Q4,644,716,473,25,1360,2,27,2,630,315129,314055
Kabupaten Lamongan,2023-Q4,1102,240,411,32,1342,0,31,4,1093,347402,345516
Kabupaten Gresik,2023-Q4,748,748,538,20,1496,3,50,7,730,327648,324454
Kabupaten Bangkalan,2023-Q4,157,681,573,250,838,0,22,0,161,257714,265939
Kabupaten Sampang,2023-Q4,301,174,139,1,475,0,16,0,298,244450,249730
Kabupaten Pamekasan,2023-Q4,486,274,252,34,760,1,12,2,498,215946,225473
Kabupaten Sumenep,2023-Q4,789,734,134,4,1523,1,15,2,784,275683,295422
Kota Kediri,2023-Q4,521,59,129,4,580,1,17,1,531,74148,75262
Kota Blitar,2023-Q4,246,98,277,25,344,0,10,0,243,39826,40065
Kota Malang,2023-Q4,368,403,573,32,771,2,34,13,410,218900,221494
Kota Probolinggo,2023-Q4,170,60,154,4,230,0,6,2,166,60801,61479
Kota Pasuruan,2023-Q4,121,217,233,3,338,1,9,0,117,53147,53086
Kota Mojokerto,2023-Q4,150,54,294,26,204,0,7,0,148,35245,35648
Kota Madiun,2023-Q4,156,150,416,10,306,0,16,0,166,49660,51613
Kota Surabaya,2023-Q4,1068,941,422,21,2009,8,133,26,1172,745179,759464
Kota Batu,2023-Q4,124,106,449,20,230,0,4,2,125,55695,55162
Kabupaten Pacitan,2024-Q1,451,114,331,17,565,0,65,2,500,148691,148345
Kabupaten Ponorogo,2024-Q1,867,179,687,43,1046,0,147,3,918,242760,246102
Kabupaten Trenggalek,2024-Q1,418,365,662,30,783,0,93,2,699,190298,188425
Kabupaten Tulungagung,2024-Q1,722,662,520,17,1384,1,143,3,1303,284737,283549
Kabupaten Blitar,2024-Q1,598,478,530,38,1076,0,119,2,998,315865,312986
Kabupaten Kediri,2024-Q1,866,616,1114,56,1482,2,172,5,1371,425923,418311
Kabupaten Malang,2024-Q1,1079,300,2903,63,1379,2,292,10,1177,685991,677695
Kabupaten Lumajang,2024-Q1,514,198,577,25,712,0,115,1,630,276184,280305
Kabupaten Jember,2024-Q1,571,1372,932,70,1943,1,178,7,1810,650721,652241
Kabupaten Banyuwangi,2024-Q1,581,391,1380,112,972,0,175,4,822,445387,447272
Kabupaten Bondowoso,2024-Q1,532,456,393,5,988,0,60,1,942,191791,200486
Kabupaten Situbondo,2024-Q1,426,348,694,19,774,0,78,0,709,168382,175881
Kabupaten Probolinggo,2024-Q1,183,635,220,14,818,0,73,3,764,293544,301683
Kabupaten Pasuruan,2024-Q1,1056,113,3523,103,1169,4,137,7,1090,409095,411274
Kabupaten Sidoarjo,2024-Q1,632,891,875,20,1523,3,301,11,1402,501598,499817
Kabupaten Mojokerto,2024-Q1,482,468,1344,14,950,1,172,3,814,290171,286286
Kabupaten Jombang,2024-Q1,721,159,11980,2,880,1,151,7,778,346110,341179
Kabupaten Nganjuk,2024-Q1,360,573,560,46,933,1,145,0,812,288805,285501
Kabupaten Madiun,2024-Q1,387,428,655,39,815,0,112,5,730,182949,186667
Kabupaten Magetan,2024-Q1,555,310,1558,34,865,1,108,1,775,169970,176179
Kabupaten Ngawi,2024-Q1,694,189,357,33,883,0,106,2,786,224884,227948
Kabupaten Bojonegoro,2024-Q1,783,551,3645,55,1334,2,130,6,1246,342829,339726
Kabupaten Tuban,2024-Q1,648,714,443,20,1362,2,116,2,1262,315920,314926
Kabupaten Lamongan,2024-Q1,1104,241,379,31,1345,0,157,4,1220,341753,340951
Kabupaten Gresik,2024-Q1,751,746,522,17,1497,3,179,7,1357,329085,325499
Kabupaten Bangkalan,2024-Q1,125,712,568,246,837,0,79,1,787,252088,260203
Kabupaten Sampang,2024-Q1,302,174,152,4,476,0,55,0,437,249283,254354
Kabupaten Pamekasan,2024-Q1,420,342,226,6,762,1,56,3,733,217682,227218
Kabupaten Sumenep,2024-Q1,794,732,87,3,1526,1,63,1,1479,275530,294949
Kota Kediri,2024-Q1,521,59,129,4,580,1,86,1,529,74555,75674
Kota Blitar,2024-Q1,247,98,258,24,345,0,59,0,297,40019,40251
Kota Malang,2024-Q1,369,405,468,1239,774,4,174,8,727,220025,222611
Kota Probolinggo,2024-Q1,170,60,111,3,230,0,46,2,192,60359,61168
Kota Pasuruan,2024-Q1,121,217,259,3,338,1,33,1,310,53315,53285
Kota Mojokerto,2024-Q1,170,34,276,25,204,0,62,0,156,35154,35663
Kota Madiun,2024-Q1,155,150,313,3,305,0,90,0,251,49563,51365
Kota Surabaya,2024-Q1,1075,939,324,16,2014,8,400,27,2069,747159,761533
Kota Batu,2024-Q1,125,106,421,18,231,1,35,1,210,56149,55652
Kabupaten Pacitan,2024-Q2,453,114,332,18,567,0,67,2,501,148691,148345
Kabupaten Ponorogo,2024-Q2,872,179,703,43,1051,0,151,3,916,242760,246102
Kabupaten Trenggalek,2024-Q2,421,365,663,28,786,0,93,2,704,190298,188425
Kabupaten Tulungagung,2024-Q2,726,661,568,18,1387,1,144,3,1305,284737,283549
Kabupaten Blitar,2024-Q2,601,477,506,40,1078,0,121,2,1001,315865,312986
Kabupaten Kediri,2024-Q2,865,619,1091,56,1484,2,175,5,1374,425923,418311
Kabupaten Malang,2024-Q2,1084,300,2949,66,1384,2,306,10,1174,685991,677695
Kabupaten Lumajang,2024-Q2,514,198,557,30,712,0,115,1,635,276184,280305
Kabupaten Jember,2024-Q2,558,1392,960,75,1950,1,186,6,1790,650721,652241
Kabupaten Banyuwangi,2024-Q2,586,391,1446,106,977,0,180,4,824,445387,447272
Kabupaten Bondowoso,2024-Q2,535,456,393,5,991,0,61,1,944,191791,200486
Kabupaten Situbondo,2024-Q2,430,346,695,22,776,0,81,0,710,168382,175881
Kabupaten Probolinggo,2024-Q2,193,628,224,12,821,0,76,3,772,293544,301683
Kabupaten Pasuruan,2024-Q2,1048,124,4068,132,1172,4,150,7,1074,409095,411274
Kabupaten Sidoarjo,2024-Q2,634,891,813,20,1525,3,307,13,1398,501598,499817
Kabupaten Mojokerto,2024-Q2,488,467,1344,14,955,1,171,3,821,290171,286286
Kabupaten Jombang,2024-Q2,720,161,12218,8,881,1,153,6,778,346110,341179
Kabupaten Nganjuk,2024-Q2,364,572,3555,51,936,1,143,0,819,288805,285501
Kabupaten Madiun,2024-Q2,390,427,645,43,817,0,120,5,724,182949,186667
Kabupaten Magetan,2024-Q2,558,310,1080,72,868,1,113,1,774,169970,176179
Kabupaten Ngawi,2024-Q2,694,189,378,40,883,0,109,1,786,224884,227948
Kabupaten Bojonegoro,2024-Q2,786,551,4037,59,1337,2,136,5,1246,342829,339726
Kabupaten Tuban,2024-Q2,655,710,509,26,1365,2,121,2,1264,315920,314926
Kabupaten Lamongan,2024-Q2,1111,241,427,33,1352,0,167,3,1219,341753,340951
Kabupaten Gresik,2024-Q2,755,745,366,13,1500,3,184,7,1359,329085,325499
Kabupaten Bangkalan,2024-Q2,127,710,569,369,837,0,79,1,789,252088,260203
Kabupaten Sampang,2024-Q2,305,174,140,4,479,0,56,0,442,249283,254354
Kabupaten Pamekasan,2024-Q2,429,342,226,7,771,1,56,3,743,217682,227218
Kabupaten Sumenep,2024-Q2,798,730,126,3,1528,1,65,1,1482,275530,294949
Kota Kediri,2024-Q2,522,59,131,4,581,1,87,1,532,74555,75674
Kota Blitar,2024-Q2,249,98,259,23,347,0,59,0,299,40019,40251
Kota Malang,2024-Q2,368,455,383,1232,823,4,182,8,721,220025,222611
Kota Probolinggo,2024-Q2,169,63,131,4,232,0,47,2,190,60359,61168
Kota Pasuruan,2024-Q2,121,217,248,3,338,1,33,1,310,53315,53285
Kota Mojokerto,2024-Q2,171,33,284,26,204,0,64,0,156,35154,35663
Kota Madiun,2024-Q2,155,150,228,3,305,0,93,0,250,49563,51365
Kota Surabaya,2024-Q2,1077,938,182,16,2015,8,408,26,2074,747159,761533
Kota Batu,2024-Q2,126,106,409,15,232,1,34,2,212,56149,55652
Kabupaten Pacitan,2024-Q3,456,116,428,31,572,0,122,6,393,147404,146955
Kabupaten Ponorogo,2024-Q3,886,186,822,50,1072,0,320,9,723,243074,246431
Kabupaten Trenggalek,2024-Q3,433,369,750,44,802,0,176,6,343,189340,187565
Kabupaten Tulungagung,2024-Q3,774,685,765,32,1459,4,260,12,639,285410,284203
Kabupaten Blitar,2024-Q3,634,490,665,49,1124,0,200,6,532,316866,313984
Kabupaten Kediri,2024-Q3,924,638,1748,80,1562,8,290,9,774,426845,419144
Kabupaten Malang,2024-Q3,1160,336,3531,108,1496,8,620,30,838,688469,678843
Kabupaten Lumajang,2024-Q3,410,345,841,39,755,0,190,3,314,277002,281114
Kabupaten Jember,2024-Q3,586,1425,1329,91,2011,4,370,21,393,653108,654829
Kabupaten Banyuwangi,2024-Q3,621,396,1501,117,1017,0,372,15,430,447028,448867
Kabupaten Bondowoso,2024-Q3,546,460,564,14,1006,0,156,3,467,192703,201301
Kabupaten Situbondo,2024-Q3,440,351,857,28,791,0,146,3,366,169166,176652
Kabupaten Probolinggo,2024-Q3,217,628,349,11,845,0,128,6,151,296266,304200
Kabupaten Pasuruan,2024-Q3,1104,148,8156,215,1252,16,286,30,947,415553,417409
Kabupaten Sidoarjo,2024-Q3,761,966,9405,70,1727,16,596,42,445,507931,506006
Kabupaten Mojokerto,2024-Q3,519,479,1468,24,998,4,338,15,344,290984,287089
Kabupaten Jombang,2024-Q3,775,167,12841,19,942,4,310,21,612,347026,341977
Kabupaten Nganjuk,2024-Q3,383,624,3624,57,1007,4,238,0,263,289766,286522
Kabupaten Madiun,2024-Q3,413,437,1017,71,850,0,228,15,294,182653,186285
Kabupaten Magetan,2024-Q3,580,311,1146,84,891,4,224,3,466,170107,176294
Kabupaten Ngawi,2024-Q3,709,191,483,51,900,0,180,3,618,225144,228357
Kabupaten Bojonegoro,2024-Q3,831,561,4317,71,1392,16,200,6,725,343213,339901
Kabupaten Tuban,2024-Q3,677,711,595,32,1388,8,206,6,570,317087,316112
Kabupaten Lamongan,2024-Q3,1146,251,981,83,1397,0,402,15,940,342213,341539
Kabupaten Gresik,2024-Q3,812,750,790,34,1562,12,370,21,617,333770,329979
Kabupaten Bangkalan,2024-Q3,155,713,605,388,868,0,162,3,73,256577,264439
Kabupaten Sampang,2024-Q3,318,180,156,47,498,0,122,0,257,256070,260893
Kabupaten Pamekasan,2024-Q3,467,345,540,47,812,4,140,12,392,221493,230990
Kabupaten Sumenep,2024-Q3,821,735,1092,4,1556,4,142,6,747,276064,295438
Kota Kediri,2024-Q3,555,68,326,9,623,4,192,3,457,74842,75871
Kota Blitar,2024-Q3,257,101,277,21,358,0,106,0,204,40188,40414
Kota Malang,2024-Q3,473,497,1556,1273,970,20,378,33,268,221038,223642
Kota Probolinggo,2024-Q3,174,69,154,11,243,0,80,6,132,60561,61313
Kota Pasuruan,2024-Q3,127,218,350,6,345,4,70,3,90,53406,53329
Kota Mojokerto,2024-Q3,177,45,285,28,222,0,94,0,130,35324,35813
Kota Madiun,2024-Q3,184,161,468,9,345,0,164,0,102,49539,51328
Kota Surabaya,2024-Q3,1357,1168,1801,138,2525,36,832,81,905,747367,761644
Kota Batu,2024-Q3,136,114,438,18,250,4,52,6,107,56593,56111
Kabupaten Pacitan,2024-Q4,407,166,328,25,573,0,55,2,352,147404,146955
Kabupaten Ponorogo,2024-Q4,877,179,763,51,1056,0,160,3,728,243074,246431
Kabupaten Trenggalek,2024-Q4,422,181,690,32,603,0,87,2,345,189340,187565
Kabupaten Tulungagung,2024-Q4,729,671,615,21,1400,1,129,4,642,285410,284203
Kabupaten Blitar,2024-Q4,601,453,556,42,1054,0,100,2,532,316866,313984
Kabupaten Kediri,2024-Q4,785,713,1050,56,1498,2,138,3,702,426845,419144
Kabupaten Malang,2024-Q4,1091,300,3156,71,1391,2,313,10,839,688469,678843
Kabupaten Lumajang,2024-Q4,392,327,610,31,719,0,94,1,329,277002,281114
Kabupaten Jember,2024-Q4,551,1406,1129,79,1957,1,187,7,397,653108,654829
Kabupaten Banyuwangi,2024-Q4,599,365,1437,115,964,0,187,5,440,447028,448867
Kabupaten Bondowoso,2024-Q4,364,635,592,8,999,0,68,2,305,192703,201301
Kabupaten Situbondo,2024-Q4,435,346,829,23,781,0,73,2,369,169166,176652
Kabupaten Probolinggo,2024-Q4,210,620,258,5,830,0,62,2,161,296266,304200
Kabupaten Pasuruan,2024-Q4,1046,133,5541,126,1179,4,140,10,952,415553,417409
Kabupaten Sidoarjo,2024-Q4,608,919,7960,19,1527,4,293,14,429,507931,506006
Kabupaten Mojokerto,2024-Q4,498,466,1729,25,964,0,174,5,348,290984,287089
Kabupaten Jombang,2024-Q4,699,187,346,7,886,2,157,7,587,347026,341977
Kabupaten Nganjuk,2024-Q4,366,614,585,47,980,1,120,0,264,289766,286522
Kabupaten Madiun,2024-Q4,390,431,686,49,821,0,112,5,299,182653,186285
Kabupaten Magetan,2024-Q4,563,309,1133,82,872,1,112,1,468,170107,176294
Kabupaten Ngawi,2024-Q4,702,189,461,49,891,0,89,2,624,225144,228357
Kabupaten Bojonegoro,2024-Q4,779,550,3956,58,1329,4,101,2,734,343213,339901
Kabupaten Tuban,2024-Q4,673,697,592,33,1370,2,102,3,587,317087,316112
Kabupaten Lamongan,2024-Q4,1122,242,545,38,1364,0,202,7,945,342213,341539
Kabupaten Gresik,2024-Q4,766,746,397,19,1512,3,185,7,620,333770,329979
Kabupaten Bangkalan,2024-Q4,129,709,594,389,838,0,81,1,76,256577,264439
Kabupaten Sampang,2024-Q4,302,178,133,3,480,0,60,0,259,256070,260893
Kabupaten Pamekasan,2024-Q4,447,342,250,34,789,1,70,4,402,221493,230990
Kabupaten Sumenep,2024-Q4,760,786,127,3,1546,1,69,2,702,276064,295438
Kota Kediri,2024-Q4,528,59,124,4,587,1,96,1,462,74842,75871
Kota Blitar,2024-Q4,249,98,278,21,347,0,54,0,204,40188,40414
Kota Malang,2024-Q4,372,450,455,26,822,5,188,11,273,221038,223642
Kota Probolinggo,2024-Q4,169,64,130,4,233,0,40,2,131,60561,61313
Kota Pasuruan,2024-Q4,121,217,247,4,338,1,35,1,90,53406,53329
Kota Mojokerto,2024-Q4,165,40,283,28,205,0,47,0,126,35324,35813
Kota Madiun,2024-Q4,156,150,235,5,306,0,80,0,104,49539,51328
Kota Surabaya,2024-Q4,698,1321,306,19,2019,9,376,27,580,747367,761644
Kota Batu,2024-Q4,128,106,428,20,234,1,26,2,109,56593,56111
Kabupaten Pacitan,2025-Q1,410,129,482,16,539,2,354,56,0,147477,147170
Kabupaten Ponorogo,2025-Q1,772,285,754,41,1057,3,625,158,0,243226,246770
Kabupaten Trenggalek,2025-Q1,425,112,654,29,537,2,346,89,0,189424,187705
Kabupaten Tulungagung,2025-Q1,729,470,627,18,1199,5,633,136,1,285833,284707
Kabupaten Blitar,2025-Q1,605,285,478,41,890,2,539,99,0,317811,315002
Kabupaten Kediri,2025-Q1,688,507,1065,42,1195,3,587,145,2,427042,419670
Kabupaten Malang,2025-Q1,976,419,3073,62,1395,10,730,307,2,694378,685174
Kabupaten Lumajang,2025-Q1,395,188,642,38,583,2,331,96,0,278258,282605
Kabupaten Jember,2025-Q1,557,1405,1030,79,1962,8,404,188,1,655851,656864
Kabupaten Banyuwangi,2025-Q1,603,361,3593,107,964,6,448,183,0,450116,452260
Kabupaten Bondowoso,2025-Q1,364,635,577,8,999,2,305,67,0,193992,202695
Kabupaten Situbondo,2025-Q1,437,340,755,22,777,3,365,78,0,169929,177451
Kabupaten Probolinggo,2025-Q1,210,582,261,7,792,3,162,60,0,298557,306564
Kabupaten Pasuruan,2025-Q1,1051,130,5296,88,1181,9,952,143,4,419271,421160
Kabupaten Sidoarjo,2025-Q1,609,917,480,13,1526,13,428,292,5,511126,509504
Kabupaten Mojokerto,2025-Q1,500,448,1742,27,948,5,348,174,0,291885,288171
Kabupaten Jombang,2025-Q1,711,188,270,6,899,7,584,163,1,347670,342812
Kabupaten Nganjuk,2025-Q1,366,490,575,46,856,0,252,132,1,290215,287234
Kabupaten Madiun,2025-Q1,392,320,376,28,712,4,304,111,1,182666,186455
Kabupaten Magetan,2025-Q1,561,169,837,46,730,2,463,117,1,170544,176785
Kabupaten Ngawi,2025-Q1,703,189,405,46,892,2,627,89,0,225893,229192
Kabupaten Bojonegoro,2025-Q1,780,550,3988,56,1330,3,734,99,4,343593,340397
Kabupaten Tuban,2025-Q1,679,675,493,24,1354,3,589,101,5,318625,317825
Kabupaten Lamongan,2025-Q1,1120,242,508,32,1362,5,936,208,0,342813,342347
Kabupaten Gresik,2025-Q1,770,743,554,22,1513,8,619,186,3,335971,332376
Kabupaten Bangkalan,2025-Q1,129,705,587,354,834,1,76,82,0,260883,268958
Kabupaten Sampang,2025-Q1,308,146,139,4,454,1,266,58,0,259121,264167
Kabupaten Pamekasan,2025-Q1,454,333,223,6,787,4,411,70,1,222763,232352
Kabupaten Sumenep,2025-Q1,772,756,124,3,1528,2,707,75,1,276564,296085
Kota Kediri,2025-Q1,528,56,124,4,584,1,463,96,1,74926,75982
Kota Blitar,2025-Q1,248,40,228,19,288,0,203,54,0,40284,40575
Kota Malang,2025-Q1,374,253,427,27,627,11,264,191,5,221651,224279
Kota Probolinggo,2025-Q1,125,108,121,4,233,2,89,39,0,60692,61512
Kota Pasuruan,2025-Q1,123,92,247,7,215,1,93,35,1,53507,53413
Kota Mojokerto,2025-Q1,165,26,281,26,191,0,125,48,0,35350,35857
Kota Madiun,2025-Q1,156,150,233,4,306,0,104,80,0,49611,51446
Kota Surabaya,2025-Q1,709,1002,353,26,1711,29,567,380,10,744829,759551
Kota Batu,2025-Q1,117,88,371,27,205,2,99,25,1,56795,56367
Kabupaten Pacitan,2025-Q2,584,129,481,16,713,2,530,55,0,147477,147170
Kabupaten Ponorogo,2025-Q2,881,484,1052,42,1365,3,749,145,0,243226,246770
Kabupaten Trenggalek,2025-Q2,582,112,636,29,694,2,502,90,0,189424,187705
Kabupaten Tulungagung,2025-Q2,1009,470,644,19,1479,5,914,135,1,285833,284707
Kabupaten Blitar,2025-Q2,852,288,335,29,1140,2,785,101,0,317811,315002
Kabupaten Kediri,2025-Q2,1039,506,1022,44,1545,3,946,142,2,427042,419670
Kabupaten Malang,2025-Q2,1363,419,3049,61,1782,10,1118,309,2,694378,685174
Kabupaten Lumajang,2025-Q2,608,188,713,29,796,2,543,99,0,278258,282605
Kabupaten Jember,2025-Q2,810,1406,1038,80,2216,8,658,189,1,655851,656864
Kabupaten Banyuwangi,2025-Q2,840,360,3614,111,1200,6,687,183,0,450116,452260
Kabupaten Bondowoso,2025-Q2,582,635,577,8,1217,2,524,67,0,193992,202695
Kabupaten Situbondo,2025-Q2,570,340,754,21,910,3,499,78,0,169929,177451
Kabupaten Probolinggo,2025-Q2,543,581,253,10,1124,3,499,61,0,298557,306564
Kabupaten Pasuruan,2025-Q2,1419,130,5315,90,1549,9,1319,146,4,419271,421160
Kabupaten Sidoarjo,2025-Q2,957,918,419,9,1875,12,774,297,5,511126,509504
Kabupaten Mojokerto,2025-Q2,797,447,1742,27,1244,5,647,174,0,291885,288171
Kabupaten Jombang,2025-Q2,1033,188,363,8,1221,7,904,166,1,347670,342812
Kabupaten Nganjuk,2025-Q2,650,490,789,44,1140,0,537,133,1,290215,287234
Kabupaten Madiun,2025-Q2,576,319,339,20,895,4,488,109,3,182666,186455
Kabupaten Magetan,2025-Q2,796,169,565,23,965,2,701,116,1,170544,176785
Kabupaten Ngawi,2025-Q2,921,189,444,48,1110,3,843,91,0,225893,229192
Kabupaten Bojonegoro,2025-Q2,1215,550,4070,54,1765,4,1168,100,4,343593,340397
Kabupaten Tuban,2025-Q2,1013,675,587,18,1688,3,921,104,5,318625,317825
Kabupaten Lamongan,2025-Q2,1597,242,2027,32,1839,4,1415,208,1,342813,342347
Kabupaten Gresik,2025-Q2,1133,742,533,18,1875,9,985,186,3,335971,332376
Kabupaten Bangkalan,2025-Q2,415,703,598,308,1118,1,371,82,0,260883,268958
Kabupaten Sampang,2025-Q2,496,146,146,4,642,1,456,58,0,259121,264167
Kabupaten Pamekasan,2025-Q2,654,333,224,6,987,4,611,70,1,222763,232352
Kabupaten Sumenep,2025-Q2,1115,754,134,4,1869,2,1052,75,1,276564,296085
Kota Kediri,2025-Q2,573,56,124,4,629,1,508,97,1,74926,75982
Kota Blitar,2025-Q2,268,40,224,19,308,0,225,54,0,40284,40575
Kota Malang,2025-Q2,432,253,435,27,685,10,328,188,5,221651,224279
Kota Probolinggo,2025-Q2,154,108,120,3,262,2,118,39,0,60692,61512
Kota Pasuruan,2025-Q2,153,92,242,7,245,1,124,35,1,53507,53413
Kota Mojokerto,2025-Q2,183,26,283,24,209,0,143,48,0,35350,35857
Kota Madiun,2025-Q2,181,150,228,3,331,0,132,80,0,49611,51446
Kota Surabaya,2025-Q2,849,1014,373,28,1863,28,714,379,11,744829,759551
Kota Batu,2025-Q2,142,88,368,26,230,1,123,27,1,56795,56367